{
	"$schema": "https://schemas.wp.org/wp/6.8/theme.json",
	"customTemplates": [
		{
			"name": "template-page-w-hero",
			"title": "Page with Hero"
		},
		{
			"name": "template-page-w-title",
			"title": "Page with Title"
		}
	],
	"settings": {
		"appearanceTools": true,
		"blocks": {
			"core/heading": {
				"color": {
					"background": false
				}
			}
		},
		"color": {
			"defaultDuotone": false,
			"defaultGradients": false,
			"defaultPalette": false,
			"duotone": [
				{
					"colors": [
						"#000000",
						"#FFFFFF"
					],
					"name": "Duotone 1",
					"slug": "duotone-1"
				},
				{
					"colors": [
						"#000000",
						"#BBBBBB"
					],
					"name": "Duotone 2",
					"slug": "duotone-2"
				}
			],
			"palette": [
				{
					"color": "#ebeae5",
					"name": "Color 1",
					"slug": "theme-1"
				},
				{
					"color": "#d3cfc3",
					"name": "Color 2",
					"slug": "theme-2"
				},
				{
					"color": "#736428",
					"name": "Color 3",
					"slug": "theme-3"
				},
				{
					"color": "#98894d",
					"name": "Color 4",
					"slug": "theme-4"
				},
				{
					"color": "#25231b",
					"name": "Color 5",
					"slug": "theme-5"
				}
			]
		},
		"custom": {
			"spacing-increment": "2.5",
			"spacing-unit": "10"
		},
		"layout": {
			"contentSize": "620px",
			"wideSize": "1440px"
		},
		"spacing": {
			"defaultSpacingSizes": false,
			"spacingScale": {
				"theme": {
					"steps": 1
				}
			},
			"spacingSizes": [
				{
					"name": "2X-Small",
					"size": "min(calc(var(--wp--custom--spacing-unit) * (var(--wp--custom--spacing-increment) * 1) * 1px), calc(var(--wp--custom--spacing-increment) * 1 * 2vw))",
					"slug": "20"
				},
				{
					"name": "X-Small",
					"size": "min(calc(var(--wp--custom--spacing-unit) * (var(--wp--custom--spacing-increment) * 2) * 1px), calc(var(--wp--custom--spacing-increment) * 2 * 1vw))",
					"slug": "30"
				},
				{
					"name": "Small",
					"size": "min(calc(var(--wp--custom--spacing-unit) * (var(--wp--custom--spacing-increment) * 3) * 1px), calc(var(--wp--custom--spacing-increment) * 3 * 1vw))",
					"slug": "40"
				},
				{
					"name": "Medium",
					"size": "min(calc(var(--wp--custom--spacing-unit) * (var(--wp--custom--spacing-increment) * 4) * 1px), calc(var(--wp--custom--spacing-increment) * 4 * 1vw))",
					"slug": "50"
				},
				{
					"name": "Large",
					"size": "min(calc(var(--wp--custom--spacing-unit) * (var(--wp--custom--spacing-increment) * 5) * 1px), calc(var(--wp--custom--spacing-increment) * 5 * 1vw))",
					"slug": "60"
				},
				{
					"name": "Extra Large",
					"size": "min(calc(var(--wp--custom--spacing-unit) * (var(--wp--custom--spacing-increment) * 6) * 1px), calc(var(--wp--custom--spacing-increment) * 6 * 1vw))",
					"slug": "70"
				},
				{
					"name": "2X Large",
					"size": "min(calc(var(--wp--custom--spacing-unit) * (var(--wp--custom--spacing-increment) * 7) * 1px), calc(var(--wp--custom--spacing-increment) * 7 * 1vw))",
					"slug": "80"
				}
			],
			"units": [
				"px",
				"em",
				"rem",
				"vw"
			]
		},
		"typography": {
			"defaultFontSizes": false,
			"fluid": true,
			"fontFamilies": [
				{
					"fontFace": [
						{
							"fontFamily": "Fraunces",
							"fontStyle": "normal",
							"fontWeight": "100 800",
							"src": [
								"file:./assets/fonts/fraunces/Fraunces-VariableFont.woff2"
							]
						},
						{
							"fontFamily": "Fraunces",
							"fontStyle": "italic",
							"fontWeight": "100 800",
							"src": [
								"file:./assets/fonts/fraunces/Fraunces-Italic-VariableFont.woff2"
							]
						}
					],
					"fontFamily": "\"Fraunces\", serif",
					"name": "Fraunces",
					"slug": "fraunces"
				},
				{
					"fontFace": [
						{
							"fontFamily": "Inter",
							"fontStretch": "normal",
							"fontStyle": "normal",
							"fontWeight": "100 800",
							"src": [
								"file:./assets/fonts/inter/InterVariable.woff2"
							]
						},
						{
							"fontFamily": "Inter",
							"fontStretch": "normal",
							"fontStyle": "italic",
							"fontWeight": "100 800",
							"src": [
								"file:./assets/fonts/inter/InterVariable-Italic.woff2"
							]
						}
					],
					"fontFamily": "\"Inter\", sans-serif",
					"name": "Inter",
					"slug": "inter"
				}
			],
			"fontSizes": [
				{
					"fluid": {
						"max": "16px",
						"min": "15px"
					},
					"name": "Small",
					"size": "16px",
					"slug": "small"
				},
				{
					"fluid": {
						"max": "20px",
						"min": "18px"
					},
					"name": "Medium",
					"size": "20px",
					"slug": "medium"
				},
				{
					"fluid": {
						"max": "32px",
						"min": "22px"
					},
					"name": "Large",
					"size": "32px",
					"slug": "large"
				},
				{
					"fluid": {
						"max": "64px",
						"min": "32px"
					},
					"name": "Extra Large",
					"size": "64px",
					"slug": "x-large"
				},
				{
					"fluid": {
						"max": "84px",
						"min": "34px"
					},
					"name": "2X Large",
					"size": "84px",
					"slug": "xx-large"
				},
				{
					"fluid": {
						"max": "120px",
						"min": "36px"
					},
					"name": "3X Large",
					"size": "120px",
					"slug": "xxx-large"
				}
			],
			"writingMode": true
		},
		"useRootPaddingAwareAlignments": true
	},
	"styles": {
		"blocks": {
			"core/button": {
				"variations": {
					"outline": {
						"border": {
							"width": "1px"
						},
						"spacing": {
							"padding": {
								"bottom": "15px",
								"left": "23px",
								"right": "23px",
								"top": "15px"
							}
						}
					}
				}
			},
			"core/buttons": {
				"spacing": {
					"blockGap": "8px",
					"margin": {
						"top": "calc( var(--wp--style--block-gap) * 1.5)"
					}
				}
			},
			"core/column": {
				"variations": {
					"section-1": {
						"color": {
							"background": "var(--wp--preset--color--theme-3)",
							"text": "var(--wp--preset--color--theme-1)"
						},
						"elements": {
							"button": {
								":hover": {
									"color": {
										"background": "color-mix(in srgb, var(--wp--preset--color--theme-1) 85%, #000)",
										"text": "var(--wp--preset--color--theme-3)"
									}
								},
								"color": {
									"background": "var(--wp--preset--color--theme-1)",
									"text": "var(--wp--preset--color--theme-3)"
								}
							}
						}
					},
					"section-2": {
						"color": {
							"background": "var(--wp--preset--color--theme-4)",
							"text": "var(--wp--preset--color--theme-5)"
						},
						"elements": {
							"button": {
								":hover": {
									"color": {
										"background": "color-mix(in srgb, var(--wp--preset--color--theme-5) 85%, #000)",
										"text": "var(--wp--preset--color--theme-1)"
									}
								},
								"color": {
									"background": "var(--wp--preset--color--theme-5)",
									"text": "var(--wp--preset--color--theme-1)"
								}
							}
						}
					},
					"section-3": {
						"blocks": {
							"core/separator": {
								"color": {
									"text": "color-mix(in srgb, currentColor 25%, transparent)"
								}
							}
						},
						"color": {
							"background": "var(--wp--preset--color--theme-5)",
							"text": "var(--wp--preset--color--theme-2)"
						},
						"elements": {
							"button": {
								":hover": {
									"color": {
										"background": "color-mix(in srgb, var(--wp--preset--color--theme-2) 85%, #000)",
										"text": "var(--wp--preset--color--theme-5)"
									}
								},
								"color": {
									"background": "var(--wp--preset--color--theme-2)",
									"text": "var(--wp--preset--color--theme-5)"
								}
							}
						}
					}
				}
			},
			"core/columns": {
				"spacing": {
					"blockGap": {
						"left": "var(--wp--preset--spacing--40)",
						"top": "var(--wp--preset--spacing--30)"
					}
				},
				"variations": {
					"section-1": {
						"color": {
							"background": "var(--wp--preset--color--theme-3)",
							"text": "var(--wp--preset--color--theme-1)"
						},
						"elements": {
							"button": {
								":hover": {
									"color": {
										"background": "color-mix(in srgb, var(--wp--preset--color--theme-1) 85%, #000)",
										"text": "var(--wp--preset--color--theme-3)"
									}
								},
								"color": {
									"background": "var(--wp--preset--color--theme-1)",
									"text": "var(--wp--preset--color--theme-3)"
								}
							}
						}
					},
					"section-2": {
						"color": {
							"background": "var(--wp--preset--color--theme-4)",
							"text": "var(--wp--preset--color--theme-5)"
						},
						"elements": {
							"button": {
								":hover": {
									"color": {
										"background": "color-mix(in srgb, var(--wp--preset--color--theme-5) 85%, #000)",
										"text": "var(--wp--preset--color--theme-1)"
									}
								},
								"color": {
									"background": "var(--wp--preset--color--theme-5)",
									"text": "var(--wp--preset--color--theme-1)"
								}
							}
						}
					},
					"section-3": {
						"blocks": {
							"core/separator": {
								"color": {
									"text": "color-mix(in srgb, currentColor 25%, transparent)"
								}
							}
						},
						"color": {
							"background": "var(--wp--preset--color--theme-5)",
							"text": "var(--wp--preset--color--theme-2)"
						},
						"elements": {
							"button": {
								":hover": {
									"color": {
										"background": "color-mix(in srgb, var(--wp--preset--color--theme-2) 85%, #000)",
										"text": "var(--wp--preset--color--theme-5)"
									}
								},
								"color": {
									"background": "var(--wp--preset--color--theme-2)",
									"text": "var(--wp--preset--color--theme-5)"
								}
							}
						}
					}
				}
			},
			"core/cover": {
				"variations": {
					"section-1": {
						"color": {
							"background": "var(--wp--preset--color--theme-3)",
							"text": "var(--wp--preset--color--theme-1)"
						},
						"elements": {
							"button": {
								":hover": {
									"color": {
										"background": "color-mix(in srgb, var(--wp--preset--color--theme-1) 85%, #000)",
										"text": "var(--wp--preset--color--theme-3)"
									}
								},
								"color": {
									"background": "var(--wp--preset--color--theme-1)",
									"text": "var(--wp--preset--color--theme-3)"
								}
							}
						}
					},
					"section-2": {
						"color": {
							"background": "var(--wp--preset--color--theme-4)",
							"text": "var(--wp--preset--color--theme-5)"
						},
						"elements": {
							"button": {
								":hover": {
									"color": {
										"background": "color-mix(in srgb, var(--wp--preset--color--theme-5) 85%, #000)",
										"text": "var(--wp--preset--color--theme-1)"
									}
								},
								"color": {
									"background": "var(--wp--preset--color--theme-5)",
									"text": "var(--wp--preset--color--theme-1)"
								}
							}
						}
					},
					"section-3": {
						"color": {
							"background": "var(--wp--preset--color--theme-5)",
							"text": "var(--wp--preset--color--theme-2)"
						},
						"elements": {
							"button": {
								":hover": {
									"color": {
										"background": "color-mix(in srgb, var(--wp--preset--color--theme-2) 85%, #000)",
										"text": "var(--wp--preset--color--theme-5)"
									}
								},
								"color": {
									"background": "var(--wp--preset--color--theme-2)",
									"text": "var(--wp--preset--color--theme-5)"
								}
							}
						}
					}
				}
			},
			"core/group": {
				"variations": {
					"section-1": {
						"color": {
							"background": "var(--wp--preset--color--theme-3)",
							"text": "var(--wp--preset--color--theme-1)"
						},
						"elements": {
							"button": {
								":hover": {
									"color": {
										"background": "color-mix(in srgb, var(--wp--preset--color--theme-1) 85%, #000)",
										"text": "var(--wp--preset--color--theme-3)"
									}
								},
								"color": {
									"background": "var(--wp--preset--color--theme-1)",
									"text": "var(--wp--preset--color--theme-3)"
								}
							}
						}
					},
					"section-2": {
						"color": {
							"background": "var(--wp--preset--color--theme-4)",
							"text": "var(--wp--preset--color--theme-5)"
						},
						"elements": {
							"button": {
								":hover": {
									"color": {
										"background": "color-mix(in srgb, var(--wp--preset--color--theme-5) 85%, #000)",
										"text": "var(--wp--preset--color--theme-1)"
									}
								},
								"color": {
									"background": "var(--wp--preset--color--theme-5)",
									"text": "var(--wp--preset--color--theme-1)"
								}
							}
						}
					},
					"section-3": {
						"blocks": {
							"core/separator": {
								"color": {
									"text": "color-mix(in srgb, currentColor 25%, transparent)"
								}
							}
						},
						"color": {
							"background": "var(--wp--preset--color--theme-5)",
							"text": "var(--wp--preset--color--theme-2)"
						},
						"elements": {
							"button": {
								":hover": {
									"color": {
										"background": "color-mix(in srgb, var(--wp--preset--color--theme-2) 85%, #000)",
										"text": "var(--wp--preset--color--theme-5)"
									}
								},
								"color": {
									"background": "var(--wp--preset--color--theme-2)",
									"text": "var(--wp--preset--color--theme-5)"
								}
							}
						}
					}
				}
			},
			"core/navigation": {
				"typography": {
					"fontFamily": "var(--wp--preset--font-family--fraunces)",
					"fontSize": "var(--wp--preset--font-size--medium)",
					"fontWeight": "200",
					"lineHeight": "1.4"
				}
			},
			"core/post-content": {
				"css": "& > div:first-child.alignfull { margin-top: calc( -1 * var(--wp--preset--spacing--20)) !important; } & > div:last-child.alignfull { margin-bottom: calc( -1 * var(--wp--preset--spacing--60)) !important; } & > p + div.alignfull { margin-top: var(--wp--style--block-gap) !important; }",
				"spacing": {
					"padding": {
						"bottom": "var(--wp--preset--spacing--60)",
						"top": "var(--wp--preset--spacing--20)"
					}
				}
			},
			"core/separator": {
				"border": {
					"top": {
						"width": "2px"
					}
				},
				"color": {
					"text": "var(--wp--preset--color--theme-3)"
				}
			},
			"core/site-tagline": {
				"typography": {
					"fontSize": "13px",
					"fontWeight": "300"
				}
			},
			"core/site-title": {
				"elements": {
					"link": {
						"typography": {
							"textDecoration": "none"
						}
					}
				},
				"typography": {
					"fontFamily": "var(--wp--preset--font-family--fraunces)",
					"fontSize": "var(--wp--preset--font-size--medium)",
					"fontWeight": "200",
					"lineHeight": {
						"ref": "styles.blocks.core/navigation.typography.lineHeight"
					}
				}
			},
			"jetpack/subscriptions": {
				"elements": {
					"button": {
						"border": {
							"color": "currentColor !important",
							"radius": "0 !important",
							"style": "solid !important",
							"width": "2px !important"
						},
						"color": {
							"background": "transparent !important",
							"text": "currentColor !important"
						},
						"spacing": {
							"padding": {
								"left": "clamp(1.75rem, 3vw, 2rem) !important",
								"right": "clamp(1.75rem, 3vw, 2rem) !important"
							}
						}
					}
				}
			}
		},
		"color": {
			"background": "var(--wp--preset--color--theme-2)",
			"text": "var(--wp--preset--color--theme-5)"
		},
		"css": ".no-underline a {\n\ttext-decoration: none;\n}\n\n/* START Big Sky */\n.wp-block-site-logo .custom-logo[src*=\"/wp-content/uploads/2025/08/site_logo_bsky.png\"] {\n\tbackground-color: currentcolor;\n\t-webkit-mask-image: url('https://glileusebio5-jzpqg.wordpress.com/wp-content/uploads/2025/08/site_logo_bsky.png');\n\t-webkit-mask-position: center center;\n\t-webkit-mask-size: cover;\n\t-webkit-mask-repeat: no-repeat;\n\tmask-image: url('https://glileusebio5-jzpqg.wordpress.com/wp-content/uploads/2025/08/site_logo_bsky.png');\n\tmask-position: center center;\n\tmask-size: cover;\n\tmask-repeat: no-repeat;\n\tobject-position: -1024px -1024px;\n}\n\n/* END Big Sky */",
		"elements": {
			"button": {
				":hover": {
					"color": {
						"background": "color-mix(in srgb, var(--wp--preset--color--theme-5) 85%, #000)",
						"text": "var(--wp--preset--color--theme-1)"
					}
				},
				"border": {
					"color": "currentColor !important",
					"radius": "0",
					"style": "solid",
					"width": "2px"
				},
				"color": {
					"background": "transparent !important",
					"text": "currentColor !important"
				},
				"spacing": {
					"padding": {
						"bottom": "0.85rem",
						"left": "clamp(1.75rem, 3vw, 2rem)",
						"right": "clamp(1.75rem, 3vw, 2rem)",
						"top": "0.85rem"
					}
				},
				"typography": {
					"fontFamily": "var(--wp--preset--font-family--fraunces)",
					"fontSize": "var(--wp--preset--font-size--medium)",
					"fontWeight": "200"
				}
			},
			"caption": {
				"spacing": {
					"padding": {
						"top": "8px"
					}
				},
				"typography": {
					"fontSize": "14px",
					"fontWeight": "400"
				}
			},
			"h1": {
				"typography": {
					"fontSize": "var(--wp--preset--font-size--xx-large)",
					"lineHeight": "0.9"
				}
			},
			"h2": {
				"typography": {
					"fontSize": "var(--wp--preset--font-size--x-large)",
					"fontWeight": {
						"ref": "styles.elements.h1.typography.fontWeight"
					},
					"lineHeight": "1.1"
				}
			},
			"h3": {
				"typography": {
					"fontSize": "var(--wp--preset--font-size--large)",
					"fontWeight": "300",
					"lineHeight": "1.2"
				}
			},
			"h4": {
				"typography": {
					"fontSize": "var(--wp--preset--font-size--medium)",
					"fontWeight": "300",
					"lineHeight": "1.3"
				}
			},
			"h5": {
				"typography": {
					"fontSize": "var(--wp--preset--font-size--medium)",
					"fontWeight": "300",
					"lineHeight": "1.4"
				}
			},
			"h6": {
				"typography": {
					"fontSize": "var(--wp--preset--font-size--small)",
					"fontWeight": "300"
				}
			},
			"heading": {
				"css": "&.has-background { padding: 0; }",
				"typography": {
					"fontFamily": "var(--wp--preset--font-family--fraunces)",
					"fontWeight": "200"
				}
			},
			"link": {
				"color": {
					"text": "currentColor"
				}
			}
		},
		"spacing": {
			"blockGap": "var(--wp--preset--spacing--20)",
			"padding": {
				"left": "var(--wp--preset--spacing--40)",
				"right": "var(--wp--preset--spacing--40)"
			}
		},
		"typography": {
			"fontFamily": "var(--wp--preset--font-family--inter)",
			"fontSize": "var(--wp--preset--font-size--small)",
			"fontWeight": "300",
			"lineHeight": "1.7"
		}
	},
	"templateParts": [
		{
			"area": "header",
			"name": "header",
			"title": "Header"
		},
		{
			"area": "header",
			"name": "header-hero",
			"title": "Hero Header"
		},
		{
			"area": "footer",
			"name": "footer",
			"title": "Footer"
		}
	],
	"version": 3
}